Static PO List,Status
PO351645,Paid In Full
PO359655,Paid In Full
PO360628,Paid In Full
PO361155,Paid In Full
PO361210,Paid In Full
PO362361,Paid In Full
PO362426,Paid In Full
PO362431,Paid In Full
PO362590,Paid In Full
PO362699,Paid In Full
PO362679,Paid In Full
PO363343,Paid In Full
PO363288,Paid In Full
PO363289,Paid In Full
PO363400,Paid In Full
PO363591,Paid In Full
PO363692,Paid In Full
PO363613,Paid In Full
PO363624,Paid In Full
PO363732,Paid In Full
PO363731,Paid In Full
PO365581,Paid In Full
PO365710,Paid In Full
PO365799,Paid In Full
PO365801,Paid In Full
PO365802,Paid In Full
PO365585,Paid In Full
PO365856,Paid In Full
PO366023,Paid In Full
PO365592,Paid In Full
PO365644,Paid In Full
PO365849,Paid In Full
PO365851,Paid In Full
PO365939,Paid In Full
PO365716,Paid In Full
PO365798,Paid In Full
PO365886,Paid In Full
PO366106,Paid In Full
PO366095,Paid In Full
PO366245,Paid In Full
PO366232,Paid In Full
PO366251,Paid In Full
PO366382,Paid In Full
PO366449,Paid In Full
PO366346,Paid In Full
PO366600,Paid In Full
PO366637,Paid In Full
PO366941,Paid In Full
PO367031,Paid In Full
PO367058,Paid In Full
PO367361,Paid In Full
PO367401,Paid In Full
PO367370,Paid In Full
PO367367,Paid In Full
PO367866,Paid In Full
PO367961,Paid In Full
PO367914,Paid In Full
PO368072,Paid In Full
PO368084,Paid In Full
PO368158,Paid In Full
PO368186,Paid In Full
PO368365,Paid In Full
PO368355,Paid In Full
PO368366,Paid In Full
PO368380,Paid In Full
PO368351,Paid In Full
PO368397,Paid In Full
PO368447,Paid In Full
PO368541,Paid In Full
PO368678,Paid In Full
PO368683,Paid In Full
PO368898,Paid In Full
PO368952,Paid In Full
PO369108,Paid In Full
PO369123,Paid In Full
PO369133,Paid In Full
PO369155,Paid In Full
PO369181,Paid In Full
PO369182,Paid In Full
PO369183,Paid In Full
PO369249,Paid In Full
PO369284,Paid In Full
PO369308,Paid In Full
PO369311,Paid In Full
PO369330,Paid In Full
PO369499,Paid In Full
PO369522,Paid In Full
PO369533,Paid In Full
PO369529,Paid In Full
PO369530,Paid In Full
PO369515,Paid In Full
PO369563,Paid In Full
PO369768,Paid In Full
PO369980,Paid In Full
PO369971,Paid In Full
PO369981,Paid In Full
PO369985,Paid In Full
PO369984,Paid In Full
PO369986,Paid In Full
PO369988,Paid In Full
PO370003,Paid In Full
PO370058,Paid In Full
PO370059,Paid In Full
PO369999,Paid In Full
PO370012,Paid In Full
PO369991,Paid In Full
PO369992,Paid In Full
PO369993,Paid In Full
PO370008,Paid In Full
PO370006,Paid In Full
PO370007,Paid In Full
PO369998,Paid In Full
PO370005,Paid In Full
PO370015,Paid In Full
PO370016,Paid In Full
PO370053,Paid In Full
PO370054,Paid In Full
PO370065,Paid In Full
PO370017,Paid In Full
PO370037,Paid In Full
PO370039,Paid In Full
PO370064,Paid In Full
PO370069,Paid In Full
PO370030,Paid In Full
PO370031,Paid In Full
PO370036,Paid In Full
PO370061,Paid In Full
PO370062,Paid In Full
PO370022,Paid In Full
PO370044,Paid In Full
PO370066,Paid In Full
PO370068,Paid In Full
PO370084,Paid In Full
PO370087,Paid In Full
PO370092,Paid In Full
PO370094,Paid In Full
PO370096,Paid In Full
PO370110,Paid In Full
PO370115,Paid In Full
PO370118,Paid In Full
PO370122,Paid In Full
PO370162,Paid In Full
PO370167,Paid In Full
PO370178,Paid In Full
PO370180,Paid In Full
PO370186,Paid In Full
PO370193,Paid In Full
PO370194,Paid In Full
PO370195,Paid In Full
PO370201,Paid In Full
PO370204,Paid In Full
PO370205,Paid In Full
PO370206,Paid In Full
PO370207,Paid In Full
PO370211,Paid In Full
PO370214,Paid In Full
PO370219,Paid In Full
PO370243,Paid In Full
PO370246,Paid In Full
PO370251,Paid In Full
PO370252,Paid In Full
PO370254,Paid In Full
PO370257,Paid In Full
PO370258,Paid In Full
PO370263,Paid In Full
PO370265,Paid In Full
PO370270,Paid In Full
PO370271,Paid In Full
PO370275,Paid In Full
PO370398,Paid In Full
PO370399,Paid In Full
PO370400,Paid In Full
PO370402,Paid In Full
PO370403,Paid In Full
PO370404,Paid In Full
PO370412,Paid In Full
PO370416,Paid In Full
PO370418,Paid In Full
PO370423,Paid In Full
PO370424,Paid In Full
PO370425,Paid In Full
PO370432,Paid In Full
PO370437,Paid In Full
PO370438,Paid In Full
PO370452,Paid In Full
PO370459,Paid In Full
PO370465,Paid In Full
PO370472,Paid In Full
PO370474,Paid In Full
PO370480,Paid In Full
PO370487,Paid In Full
PO370490,Paid In Full
PO370493,Paid In Full
PO370499,Paid In Full
PO370500,Paid In Full
PO370502,Paid In Full
PO370503,Paid In Full
PO370505,Paid In Full
PO370506,Paid In Full
PO370507,Paid In Full
PO370508,Paid In Full
PO370511,Paid In Full
PO370512,Paid In Full
PO370515,Paid In Full
PO370516,Paid In Full
PO370517,Paid In Full
PO370524,Paid In Full
PO370532,Paid In Full
PO370534,Paid In Full
PO370543,Paid In Full
PO370544,Paid In Full
PO370579,Paid In Full
PO370580,Paid In Full
PO370714,Paid In Full
PO370785,Paid In Full
PO370788,Paid In Full
PO370791,Paid In Full
PO370792,Paid In Full
PO370793,Paid In Full
PO370798,Paid In Full
PO370806,Paid In Full
PO370818,Paid In Full
PO370825,Paid In Full
PO370999,Paid In Full
PO371000,Paid In Full
PO371002,Paid In Full
PO371006,Paid In Full
PO371008,Paid In Full
PO371010,Paid In Full
PO371011,Paid In Full
PO371013,Paid In Full
PO371014,Paid In Full
PO371015,Paid In Full
PO371016,Paid In Full
PO371024,Paid In Full
PO371025,Paid In Full
PO371031,Paid In Full
PO371032,Paid In Full
PO371036,Paid In Full
PO371037,Paid In Full
PO371038,Paid In Full
PO371040,Paid In Full
PO371041,Paid In Full
PO371047,Paid In Full
PO371048,Paid In Full
PO371050,Paid In Full
PO371051,Paid In Full
PO371054,Paid In Full
PO371062,Paid In Full
PO371066,Paid In Full
PO371067,Paid In Full
PO371070,Paid In Full
PO371077,Paid In Full
PO371078,Paid In Full
PO371095,Paid In Full
PO371100,Paid In Full
PO371101,Paid In Full
PO371102,Paid In Full
PO371105,Paid In Full
PO371106,Paid In Full
PO371108,Paid In Full
PO371109,Paid In Full
PO371113,Paid In Full
PO371114,Paid In Full
PO371115,Paid In Full
PO371118,Paid In Full
PO371119,Paid In Full
PO371120,Paid In Full
PO371123,Paid In Full
PO371124,Paid In Full
PO371126,Paid In Full
PO371127,Paid In Full
PO371128,Paid In Full
PO371134,Paid In Full
PO371136,Paid In Full
PO371137,Paid In Full
PO371138,Paid In Full
PO371141,Paid In Full
PO371143,Paid In Full
PO371150,Paid In Full
PO371151,Paid In Full
PO371152,Paid In Full
PO371154,Paid In Full
PO371155,Paid In Full
PO371167,Paid In Full
PO371168,Paid In Full
PO371169,Paid In Full
PO371170,Paid In Full
PO371174,Paid In Full
PO371175,Paid In Full
PO371176,Paid In Full
PO371179,Paid In Full
PO371180,Paid In Full
PO371181,Paid In Full
PO371182,Paid In Full
PO371183,Paid In Full
PO371184,Paid In Full
PO371185,Paid In Full
PO371187,Paid In Full
PO371193,Paid In Full
PO371194,Paid In Full
PO371195,Paid In Full
PO371199,Paid In Full
PO371200,Paid In Full
PO371202,Paid In Full
PO371203,Paid In Full
PO371204,Paid In Full
PO371208,Paid In Full
PO371209,Paid In Full
PO371210,Paid In Full
PO371212,Paid In Full
PO371216,Paid In Full
PO371219,Paid In Full
PO371220,Paid In Full
PO371221,Paid In Full
PO371222,Paid In Full
PO371224,Paid In Full
PO371225,Paid In Full
PO371226,Paid In Full
PO371228,Paid In Full
PO371229,Paid In Full
PO371234,Paid In Full
PO371237,Paid In Full
PO371238,Paid In Full
PO371239,Paid In Full
PO371240,Paid In Full
PO371241,Paid In Full
PO371243,Paid In Full
PO371272,Paid In Full
PO371364,Paid In Full
PO371367,Paid In Full
PO371368,Paid In Full
PO371369,Paid In Full
PO371370,Paid In Full
PO371507,Paid In Full
PO371509,Paid In Full
PO371510,Paid In Full
PO371511,Paid In Full
PO371515,Paid In Full
PO371517,Paid In Full
PO371518,Paid In Full
PO371519,Paid In Full
PO371521,Paid In Full
PO371522,Paid In Full
PO371524,Paid In Full
PO371525,Paid In Full
PO371526,Paid In Full
PO371527,Paid In Full
PO371528,Paid In Full
PO371530,Paid In Full
PO371531,Paid In Full
PO371627,Paid In Full
PO371628,Paid In Full
PO371629,Paid In Full
PO371630,Paid In Full
PO371631,Paid In Full
PO371713,Paid In Full
PO371718,Paid In Full
PO371719,Paid In Full
PO371720,Paid In Full
PO371721,Paid In Full
PO371722,Paid In Full
PO371723,Paid In Full
PO371724,Paid In Full
PO371725,Paid In Full
PO371766,Paid In Full
PO371767,Paid In Full
PO371768,Paid In Full
PO371769,Paid In Full
PO371770,Paid In Full
PO371771,Paid In Full
PO371772,Paid In Full
PO371773,Paid In Full
PO371775,Paid In Full
PO371776,Paid In Full
PO371777,Paid In Full
PO371778,Paid In Full
PO371779,Paid In Full
PO371781,Paid In Full
PO371782,Paid In Full
PO371783,Paid In Full
PO371784,Paid In Full
PO371785,Paid In Full
PO371786,Paid In Full
PO371787,Paid In Full
PO371788,Paid In Full
PO371789,Paid In Full
PO371790,Paid In Full
PO371791,Paid In Full
PO371792,Paid In Full
PO371793,Paid In Full
PO371795,Paid In Full
PO371796,Paid In Full
PO371797,Paid In Full
PO371798,Paid In Full
PO371799,Paid In Full
PO371833,Paid In Full
PO371836,Paid In Full
PO371838,Paid In Full
PO371842,Paid In Full
PO371885,Paid In Full
PO371888,Paid In Full
PO371890,Paid In Full
PO371893,Paid In Full
PO371900,Paid In Full
PO371909,Paid In Full
PO371922,Paid In Full
PO371924,Paid In Full
PO371945,Paid In Full
PO371948,Paid In Full
PO371957,Paid In Full
PO371959,Paid In Full
PO371967,Paid In Full
PO371969,Paid In Full
PO371972,Paid In Full
PO371973,Paid In Full
PO371977,Paid In Full
PO371978,Paid In Full
PO371982,Paid In Full
PO371999,Paid In Full
PO372000,Paid In Full
PO372001,Paid In Full
PO372002,Paid In Full
PO372007,Paid In Full
PO372009,Paid In Full
PO372013,Paid In Full
PO372014,Paid In Full
PO372016,Paid In Full
PO372023,Paid In Full
PO372026,Paid In Full
PO372027,Paid In Full
PO372028,Paid In Full
PO372036,Paid In Full
PO372037,Paid In Full
PO372045,Paid In Full
PO372057,Paid In Full
PO372065,Paid In Full
PO372108,Paid In Full
PO372118,Paid In Full
PO372119,Paid In Full
PO372120,Paid In Full
PO372126,Paid In Full
PO372155,Paid In Full
PO372163,Paid In Full
PO372141,Paid In Full
PO369374,Paid In Full
PO369348,Paid In Full
PO372928,Paid In Full
PO372929,Paid In Full
PO372932,Paid In Full
PO372935,Paid In Full
PO368851,Paid In Full
PO368860,Paid In Full
PO368867,Paid In Full
PO368868,Paid In Full
PO368878,Paid In Full
PO369173,Paid In Full
PO369191,Paid In Full
PO369245,Paid In Full
PO369256,Paid In Full
PO369305,Paid In Full
PO370813,Paid In Full
PO370815,Paid In Full
PO359785,Paid In Full
PO372976,Paid In Full
PO368910,Paid In Full
PO372925,Paid In Full
PO372926,Paid In Full
PO372930,Paid In Full
